target_id,mensagem_id,message
90,9,"Pois a Lei Can√¥nica da igreja desde sempre permitiu casamentos com meninas de 14 anos.\n\nLogo, para muitos crist√£os n√£o h√° pecado em transar com uma crian√ßa de 14 anos e isso √© infinitamente mais bizarro que dois adultos dando o toba, ent√£o n√£o duvido que existam muitas igrejas que realizem casamento de LGBT."
90,10,"Existem leis antigas em todos os pa√≠ses, muitas vezes elas existem porque ningu√©m mais as segue.  Voc√™ tem algum exemplo de jovens de 14 anos que se casaram na igreja?  Se n√£o, voc√™ est√° apenas se agarrando a qualquer coisa para tentar fazer uma afirma√ß√£o muda."
90,11,"[Entre 2000 e 2015, mais de 200 mil menores se casaram nos Estados Unidos. No Brasil, segundo o Censo 2010, pelo menos 88 mil meninos e meninas com idades de 10 a 14 anos estavam casados. Na faixa et√°ria de 15 a 17 anos, eram 567 mil.](https://www.bbc.com/portuguese/internacional-41825582)\n\nMas voc√™ est√° certo, vamos fiscalizar do que dois adultos do mesmo sexo fazem na cama, √© muito mais importante do que o casamento infantil"
90,12,"Esse caso [aqui ](https://g1.globo.com/pr/parana/noticia/2023/05/06/adolescente-de-16-anos-que-casou-com-prefeito-de-araucaria-publica-foto-do-casal-nao-nos-importamos.ghtml)√© √≥timo exemplo.\n\nUm prefeito do PL do Paran√°, velho e rico, namorando a filha de 14 anos de uma funcion√°ria e se casando no anivers√°rio de 16 anos dela.\n\nN√£o √© algo que acontece s√≥ nas favelas ou comunidades pobres e isoladas."
90,13,"> Lei Can√¥nica da igreja\n\nQue igreja voc√™ est√° falando? Nunca ouvi falar dessa \""lei\"". T√° tirando do seu cu arrombado."
90,14,"Que boca suja para um crist√£o kkkkk s√≥ porque voc√™ n√£o entende sobre esse assunto n√£o significa que estou inventando\n\nA Lei Can√¥nica s√£o as diretrizes criadas pelo Vaticano para os episcopados espalhados pelo mundo.\n\n[Atualmente o C√≥digo de Direito Can√¥nico, promulgado em 1983, estabelece em seu¬†c√¢none 1083, uma idade m√≠nima de 14 anos para mulheres e 16 para homens.](https://pisdc.org.br/matrimonio-papa-propoe-mudanca-no-codigo-de-direito-canonico/)"
90,15,Argumentar sendo crist√£o sem se contradizer nos primeiros cinco minutos challenge: impossible
90,16,"Como algu√©m que √© crist√£o mas n√£o cat√≥lico: a Igreja Cat√≥lica inventa um monte de coisa que n√£o t√° na B√≠blia, isso j√° √© pol√™mica h√° muito tempo"
90,17,"Isso n√£o √© exclusivo dos cat√≥licos.\n\nNos EUA por exemplo, [grupos evang√©licos fazem press√£o](https://www.nbcnews.com/politics/politics-news/end-child-marriage-u-s-you-might-be-surprised-who-n1050471) para que a idade m√≠nima n√£o seja aumentada. E quem vota contra esse aumento s√£o os pr√≥prios republicanos.\n\nEm muitos estados nem [idade minima](https://theconversation.com/child-marriage-is-still-legal-in-the-us-88846) para casamento existe"
90,18,Evang√©lico mais gente boa e educado:
90,19,Evangelico mas nao pentecostal
90,20,"Cara, foda se o pecado. Isso √© fantasia, mitologia, devaneio religioso, n√£o faz parte da materialidade humana."
90,21,"Amor tambem e' fantasia, mitologia?"
90,22,Veganismo √© religi√£o agora?
90,23,"Sim, √© um sistema de valores com dogmas (homem=animal)"
90,24,Minha nova religi√£o: galinha assada
90,25,Galinha assada n√£o tem dogmas.
90,26,"Tem sim, seu ateuzinho do frango cru"
90,27,"A CLARO, VAMOS REZAR PARA O PIMENT√ÉO ANTES DE COMER E PEDIR PROTE√á√ÉO PRA CEBOLA"
90,28,Acho que gente como voce reza pro pepino kkkkkk
90,29,"Maluco, vc acredita em papai noel e coelho da p√°scoa. V√™ se cresce que vc n√£o tem mais 4 anos pra acreditar em contos de fadas"
90,30,"N√£o √© um dogma, e sim n√£o querer que maks animais sofram"
90,31,"√â dogma sim achar que animais tem os mesmos direitos que uma pessoa. \n\nIsso afeta todo o sistema de valores. Por exemplo: se voce tiver uma arma e um cachorro estiver atacando uma crian√ßa, em quem voc√™ atira?"
90,32,Na crian√ßa
90,33,"Nenhum vegetariano diz que animais tem que ter os mesmo direitos que humanos, apenas que devemos ter mais respeito e considera√ß√£o pela vida deles, j√° que eles tamb√©m s√£o seres vivo com racioc√≠nio (ainda que imensamente menor que o nosso) e com sentimentos"
90,34,"Em minha experiencia, todos. Vai no \\#vegan no twitter. \n\nAgora me diz - respeito com TODOS os animais? At√© uma bact√©ria?"
90,35,"Acho que s√≥ no Twitter algu√©m diz que vegetarianismo √© defender que pessoas √© animais tenham os mesmo direitos (√© comum defender mais direitos para os animais, mas os mesmos direitos que pessoas, a n√£o ser o b√°sico, tipo direito a vida)\n\nBact√©rias n√£o s√£o animais. E mesmo se fossem, nesse caso, n√£o tem o que fazer, simplesmente viver j√° afeta milh√µes de bact√©rias por segundo"
90,36,Vegetarianismo √© uma dieta. Veganismo √© uma religi√£o. \n\nEspero que voc√™ entenda a diferen√ßa.
90,37,"N√£o √© bem assim. Vegetarianismo √© n√£o comer carne, veganismo √© n√£o comer/consumir nada que venha de animais, tipo ovos, leite, produtos de couro real, etc"
90,38,"Errado. Voce esta' 100% por fora. \n\nVegetarianismo se divide entre nao comer carne vermelha, nao comer qualquer carne e nao comer qualquer outro produto animal. \n\nVeganismo e' um sistema moral. Por exemplo veganos nao consumiriam vegetais que foram colhidos com o auxilio de animais."
90,39,"N√£o √© isso segundo o Google pelo menos\n\nEdit: quero dizer, eles n√£o querem explora√ß√£o animal tamb√©m, ent√£o a parte de n√£o comer vegetais colhidos por animais tamb√©m se encaixa em explora√ß√£o"
90,40,Cara eu tenho uma conta troll de vegano que venho usando faz 2 anos. Ja' tenho doutorado no assunto.
90,41,"u√©, bacteria n√£o √© animal, ta doid√£o?"
90,42,Isso que eu queria saber - voce esta' usando a classificacao biologica? \n\nUma esponja do mar que nao e' considerada sentiente?
90,43,Essa crian√ßa √© Hitler ou uma comum?
90,44,Assuma que e' Hitler
90,45,"Ent√£o a porra do sistema jur√≠dico inteiro √© uma religi√£o, caralho? N√£o √© dogma achar que humanos t√™m direitos, pra in√≠cio de conversa?"
90,46,"Olha... √â sim e √© uma das mais fervorosas. √â o equivalente moderno do cristianismo nas cruzadas. N√£o respeita opini√µes ou fatos contr√°rios, fan√°tica, fazendo barulho e espalhando √≥dio por toda a Europa...\nYep... Uma religi√£o"
90,47,"Tu ta realmente comparando as cruzadas, um momento de guerra fomentado por fervor religioso com uma bando de vegano sendo chato? Puta que me pariu"
90,48,"√â quase a mesma coisa cara!\n\nPqp militante, relaxa um pouco!"
90,49,sempre foi kkk se n√£o √© religi√£o √© culto
90,50,Comentariozinho desnecess√°rio üôÑ
90,51,"n√£o, o cuzin pode, s√≥ n√£o pode o outro buraco"
90,52,Qual? Nos temos 10
90,53,esse mesmo q vc pensou xD
90,54,"E √© not√≠cia falsa, n√£o foi aprovado porcaria nenhuma. \n\nOP est√° espalhando boatos de canais de fofoca de internet."
90,55,"[v√™ aqui](https://www.camara.leg.br/propostas-legislativas/346155), falador."
90,56,"> # SITUA√á√ÉO\n># Aguardando vota√ß√£o na Comiss√£o de Previd√™ncia, Assist√™ncia Social, Inf√¢ncia, Adolesc√™ncia e Fam√≠lia\n\nPe√ßa pro seu irm√£ozinho ler para voc√™, analfabeto."
90,57,"Comiss√£o da c√¢mera, comiss√£o da previd√™ncia hmm..hmm..ü§£üò≠"
90,58,"Luz, c√¢mera e a√ß√£o"
90,59,">#ou seja, alguns j√° votaram e est√° passando por etapas, o t√≠tulo est√° correto caso pesquise, voc√™ que confundiu seu analfabeto funcional imoral."
90,60,"N√£o votaram porcaria nenhuma, analfabeto. Burro!"
90,61,">#O IRMAO, VAMO FICAR CONTRA ELES, MELHOR NOS FICAR EM PAZ, QUERO DORMIR BEM Tendeu CHAR√Å, eles ganham 30k POR MES E NOS SOMOS POBRES ORDIN√ÅRIOSSSS"
90,62,">#ALI√ÅS V√°riOS DEPUTADOS JA VOTARAM, SO VOC√ä VER O PLACAR O SITE DA C√ÇMARA MEU NOBRE, BOA NOITE, FICA EM PAZ ‚ù§Ô∏è‚ù§Ô∏è‚ù§Ô∏è"
90,63,Aprovou ou n√£o aprovou gente?
90,64,[deleted]
90,65,"LEIA O T√çTULO NOVAMENTE, UM Grupo PASSOU A VOTA√á√ÉO, TEM OUTROS TAMB√âM."
90,66,"entendi, mais um mano caindo na cortina de fuma√ßa"
90,67,">#Seu analfabeto funcional, est√° em andamento a vota√ß√£o, alguns j√° votaram seu ANALFABETO FUNCIONAL. ANALFABETO FUNCIONAL NAO SABE LER ESSA MERD# DE TEXTO"
90,68,Muita calma nessa hora
90,69,N√£o d√° pra ter calma com uns usu√°rios do Reddit irm√£o kk
90,70,achei 200 de QI essa discuss√£o em quote de voc√™s kkkkk
90,71,Hahahhaa
90,72,Mas voc√™ t√° bravo?
90,73,Clodovil hernandes autor?? Como assim?
90,74,"√â um projeto extremamente antigo que a C√¢mara tirou da gaveta para fazer joguinho com o STF, s√≥ para dizer que \""manda\"" em alguma coisa. N√£o vai dar em nada."
90,75,[removed]
90,76,"Para n√£o dar views ou ler sem paywall, utilize qualquer um dos seguintes links:  \n**[12ft.io](https://12ft.io/https://valor.globo.com/politica/noticia/2023/10/10/fim-do-casamento-homoafetivo-no-brasil-entenda-discussao-no-congresso.ghtml)** | **[Wayback Machine](https://web.archive.org/web/https://valor.globo.com/politica/noticia/2023/10/10/fim-do-casamento-homoafetivo-no-brasil-entenda-discussao-no-congresso.ghtml)** | **[Archive.today](http://archive.is/newest/https://valor.globo.com/politica/noticia/2023/10/10/fim-do-casamento-homoafetivo-no-brasil-entenda-discussao-no-congresso.ghtml)** | **[Google Cache](https://webcache.googleusercontent.com/search?q=cache:https://valor.globo.com/politica/noticia/2023/10/10/fim-do-casamento-homoafetivo-no-brasil-entenda-discussao-no-congresso.ghtml)**  \n*^(Apoie o jornalismo brasileiro, [assine o jornal](https://valor.globo.com/politica/noticia/2023/10/10/fim-do-casamento-homoafetivo-no-brasil-entenda-discussao-no-congresso.ghtml).)*\n\n\n*I am a bot, and this action was performed automatically. Please [contact the moderators of this subreddit](/message/compose/?to=/r/brasilivre) if you have any questions or concerns.*"
90,77,"foi sim, √© uma guerra dos poderes, STF n√£o pode legislar ü§∑"
90,78,PEC de cu e' rola. \n\nSangue de Jesus neles
90,79,Esse cara joga xadrez.
90,80,"Isso quem fez foi o legislativo, que a direita tem mais representatividade nesse governo"
